[
    {
        "slug": "hills-of-steel-2",
        "title": "Hills Of Steel 2",
        "cat": "All, New, Hot",
        "url": "https://kdata1.com/2024/05/hillsofsteel/",
        "img": "hills-of-steel-2.jpg",
		"status": 1,
        "order": 1
    },
    {
        "slug": "1v1-lol",
        "title": "1v1.LOL",
        "cat": "All, New",
        "url": "https://1v1.lol/",
        "img": "1v1-lol.jpg",
		"status": 1,
        "order": 2
    },
    {
        "slug": "shell-shockers",
        "title": "Shell Shockers",
        "cat": "All, New",
        "url": "https://shellshock.io/",
        "img": "shell-shockers.jpg",
		"status": 1,
        "order": 3
    },
    {
        "slug": "bloxd-io",
        "title": "Bloxd.io",
        "cat": "All, New, Hot",
        "url": "https://bloxd.io/",
        "img": "bloxd-io.jpg",
		"status": 1,
        "order": 16
    },
    {
        "slug": "ev-io",
        "title": "Ev.io",
        "cat": "All, New, Hot",
        "url": "https://ev.io/",
        "img": "ev-io.jpeg",
		"status": 1,
        "order": 5
    },
    {
        "slug": "hole-io",
        "title": "Hole.io",
        "cat": "All, New",
        "url": "https://hole-io.com/",
        "img": "hole-io.jpg",
		"status": 1,
        "order": 6
    },
    {
        "slug": "krunker-io",
        "title": "Krunker.io",
        "cat": "All, New",
        "url": "https://krunker.io/",
        "img": "krunker-io.jpg",
		"status": 1,
        "order": 7
    },
    {
        "slug": "build-royale",
        "title": "Build Royale",
        "cat": "All, New",
        "url": "https://buildroyale.io/",
        "img": "build-royale.png",
		"status": 1,
        "order": 8
    },
    {
        "slug": "little-big-snake",
        "title": "Little Big Snake",
        "cat": "All, New",
        "url": "https://littlebigsnake.com",
        "img": "little-big-snake.jpg",
		"status": 1,
        "order": 9
    },
    {
        "slug": "rocket-bot-royale",
        "title": "Rocket Bot Royale",
        "cat": "All, New",
        "url": "https://rocketbotroyale2.winterpixel.io/",
        "img": "rocket-bot-royale.jpg",
		"status": 1,
        "order": 10
    },
    {
        "slug": "craftnite-io",
        "title": "Craftnite.io",
        "cat": "All, New",
        "url": "https://craftnite.io/",
        "img": "craftnite-io.jpg",
		"status": 1,
        "order": 11
    },
    {
        "slug": "venge-io",
        "title": "Venge.io",
        "cat": "All, New",
        "url": "https://venge.io/",
        "img": "venge-io.jpg",
		"status": 1,
        "order": 12
    },
    {
        "slug": "zombs-royale",
        "title": "Zombs Royale",
        "cat": "All, New",
        "url": "https://zombsroyale.io/",
        "img": "zombs-royale.jpg",
		"status": 1,
        "order": 13
    },
    {
        "slug": "star-blast",
        "title": "StarBlast",
        "cat": "All, New",
        "url": "https://starblast.io/",
        "img": "star-blast.jpg",
		"status": 1,
        "order": 14
    },
    {
        "slug": "battle-dudes-io",
        "title": "BattleDudes.io",
        "cat": "All, New",
        "url": "https://battledudes.io/",
        "img": "battle-dudes-io.jpg",
		"status": 1,
        "order": 15
    },
    {
        "slug": "smash-karts",
        "title": "Smash Karts",
        "cat": "All, New",
        "url": "https://smashkarts.io/",
        "img": "smash-karts.png",
		"status": 1,
        "order": 4
    }
]
